{
	"format_version": "1.8.0",
	"animations": {
		"animation.model.new": {
			"loop": "hold_on_last_frame",
			"animation_length": 0.33333,
			"bones": {
				"mouth": {
					"scale": {
						"0.0": {
							"vector": [1, 1, 1]
						},
						"0.3333": {
							"vector": [0.5, 1, 1]
						}
					}
				},
				"Left_Brow": {
					"rotation": {
						"0.0": {
							"vector": [0, 0, 0]
						},
						"0.3333": {
							"vector": [0, 0, 5]
						}
					},
					"position": {
						"0.0": {
							"vector": [0, 0, 0]
						},
						"0.3333": {
							"vector": [0, -0.25, 0]
						}
					}
				},
				"Right_Brow": {
					"rotation": {
						"0.0": {
							"vector": [0, 0, 0]
						},
						"0.3333": {
							"vector": [0, 0, -10]
						}
					},
					"position": {
						"0.0": {
							"vector": [0, 0, 0]
						},
						"0.3333": {
							"vector": [0, 0.25, 0]
						}
					}
				},
				"L_Iris": {
					"position": {
						"0.0": {
							"vector": [0, 0, 0]
						},
						"0.3333": {
							"vector": [0.25, -0.25, 0]
						}
					},
					"scale": {
						"0.0": {
							"vector": [1, 1, 1]
						},
						"0.3333": {
							"vector": [1, 0.5, 1]
						}
					}
				},
				"R_Iris": {
					"position": {
						"0.0": {
							"vector": [0, 0, 0]
						},
						"0.3333": {
							"vector": [-0.25, -0.25, 0]
						}
					},
					"scale": {
						"0.0": {
							"vector": [1, 1, 1]
						},
						"0.3333": {
							"vector": [1, 0.5, 1]
						}
					}
				},
				"RightArm2": {
					"rotation": {
						"0.0": {
							"vector": [0, 0, 0]
						},
						"0.3333": {
							"vector": [-32.5, 0, 0]
						}
					}
				},
				"LeftArm2": {
					"rotation": {
						"0.0": {
							"vector": [0, 0, 0]
						},
						"0.3333": {
							"vector": [-80, 0, 0]
						}
					}
				},
				"RightLeg2": {
					"rotation": {
						"0.0": {
							"vector": [0, 0, 0]
						},
						"0.3333": {
							"vector": [22.5, 0, 0]
						}
					}
				},
				"NPC_1": {
					"rotation": {
						"vector": [17.5, 0, 0]
					}
				}
			}
		},
		"animation.model.new2": {
			"loop": true,
			"animation_length": 0.5,
			"bones": {
				"Head": {
					"rotation": {
						"0.0": {
							"vector": [0, 0, -15]
						},
						"0.25": {
							"vector": [0, 0, 20]
						},
						"0.5": {
							"vector": [0, 0, -15]
						}
					}
				},
				"Body2": {
					"rotation": {
						"0.0": {
							"vector": [0, 0, -2.5]
						},
						"0.25": {
							"vector": [0, 0, 0]
						},
						"0.5": {
							"vector": [0, 0, -2.5]
						}
					}
				},
				"RightArm": {
					"rotation": {
						"0.0": {
							"vector": [0, 0, 15]
						},
						"0.25": {
							"vector": [0, 0, 0]
						},
						"0.5": {
							"vector": [0, 0, 15]
						}
					}
				},
				"RightArm2": {
					"rotation": {
						"0.0": {
							"vector": [0, 0, 2.5]
						},
						"0.25": {
							"vector": [0, 0, 0]
						},
						"0.5": {
							"vector": [0, 0, 2.5]
						}
					}
				},
				"LeftArm": {
					"rotation": {
						"0.0": {
							"vector": [-360, -90, -507.5]
						},
						"0.25": {
							"vector": [-501.30396, -85.54754, -296.30891]
						},
						"0.5": {
							"vector": [-360, -90, -507.5]
						}
					}
				},
				"LeftArm2": {
					"rotation": {
						"0.0": {
							"vector": [-32.5, 0, 0]
						},
						"0.25": {
							"vector": [0, 0, 0]
						},
						"0.5": {
							"vector": [-32.5, 0, 0]
						}
					}
				},
				"NPC_1": {
					"rotation": {
						"0.0": {
							"vector": [0, 0, -17.5]
						},
						"0.25": {
							"vector": [0, 0, 2.5]
						},
						"0.5": {
							"vector": [0, 0, -17.5]
						}
					}
				}
			}
		}
	}
}