{
	"format_version": "1.12.0",
	"minecraft:geometry": [
		{
			"description": {
				"identifier": "geometry.unknown",
				"texture_width": 16,
				"texture_height": 16,
				"visible_bounds_width": 3,
				"visible_bounds_height": 3.5,
				"visible_bounds_offset": [0, 1.25, 0]
			},
			"bones": [
				{
					"name": "NPC",
					"pivot": [0, 0, 0]
				},
				{
					"name": "NPC_1",
					"parent": "NPC",
					"pivot": [0, 16, 0]
				},
				{
					"name": "Head",
					"parent": "NPC_1",
					"pivot": [0, 24, 0],
					"cubes": [
						{
							"origin": [-5, 30, -6],
							"size": [10, 2, 10],
							"pivot": [0, 24, 0],
							"rotation": [-15, 0, 0],
							"uv": {
								"north": {"uv": [8.25, 3], "uv_size": [1.25, 0.5]},
								"east": {"uv": [8.25, 3], "uv_size": [1.25, 0.5]},
								"south": {"uv": [8.25, 3], "uv_size": [1.25, 0.5]},
								"west": {"uv": [8.25, 3], "uv_size": [1.25, 0.5]},
								"up": {"uv": [9.5, 3], "uv_size": [-1.25, -2.25]},
								"down": {"uv": [9.5, 3], "uv_size": [-1.25, -2.25]}
							}
						},
						{
							"origin": [-3.5, 32, -4.75],
							"size": [7, 4, 7],
							"pivot": [0, 24, 0],
							"rotation": [-15, 0, 0],
							"uv": {
								"north": {"uv": [9.5, 3], "uv_size": [0.875, 1]},
								"east": {"uv": [9.5, 3], "uv_size": [0.875, 1]},
								"south": {"uv": [9.5, 3], "uv_size": [0.875, 1]},
								"west": {"uv": [9.5, 3], "uv_size": [0.875, 1]},
								"up": {"uv": [10.375, 3], "uv_size": [-0.875, -1.75]},
								"down": {"uv": [10.375, 3], "uv_size": [-0.875, -1.75]}
							}
						},
						{
							"origin": [-4, 24, -4],
							"size": [8, 8, 8],
							"uv": {
								"north": {"uv": [1, 2], "uv_size": [1, 2]},
								"east": {"uv": [0, 2], "uv_size": [1, 2]},
								"south": {"uv": [3, 2], "uv_size": [1, 2]},
								"west": {"uv": [2, 2], "uv_size": [1, 2]},
								"up": {"uv": [1, 0], "uv_size": [1, 2]},
								"down": {"uv": [2, 2], "uv_size": [1, -2]}
							}
						},
						{
							"origin": [-1, 26, 6.65],
							"size": [2, 1, 0],
							"pivot": [0, 0, 0],
							"rotation": [22.5, 0, 0],
							"uv": {
								"north": {"uv": [0.125, 1.5], "uv_size": [0.375, 0.25]},
								"east": {"uv": [0.125, 1.5], "uv_size": [0.375, 0.25]},
								"south": {"uv": [3, 2], "uv_size": [1, 2]},
								"west": {"uv": [0.125, 1.5], "uv_size": [0.375, 0.25]},
								"up": {"uv": [0.125, 1.5], "uv_size": [0.375, 0.25]},
								"down": {"uv": [0.125, 1.75], "uv_size": [0.375, -0.25]}
							}
						},
						{
							"origin": [-4, 24, -4],
							"size": [8, 8, 8],
							"inflate": 0.5,
							"uv": {
								"north": {"uv": [5, 2], "uv_size": [1, 2]},
								"east": {"uv": [4, 2], "uv_size": [1, 2]},
								"south": {"uv": [7, 2], "uv_size": [1, 2]},
								"west": {"uv": [6, 2], "uv_size": [1, 2]},
								"up": {"uv": [5, 0], "uv_size": [1, 2]},
								"down": {"uv": [6, 2], "uv_size": [1, -2]}
							}
						}
					]
				},
				{
					"name": "Face",
					"parent": "Head",
					"pivot": [0, 24, 0]
				},
				{
					"name": "Brows",
					"parent": "Face",
					"pivot": [0, 23, 0]
				},
				{
					"name": "Left_Brow",
					"parent": "Brows",
					"pivot": [2.5, 27, -4.3],
					"cubes": [
						{
							"origin": [1, 27, -4.3],
							"size": [3, 2, 0],
							"uv": {
								"north": {"uv": [0, 0.5], "uv_size": [0.375, 0.5]},
								"east": {"uv": [0, 1.5], "uv_size": [0, 0.25]},
								"south": {"uv": [0.375, 0.5], "uv_size": [-0.375, 0.5]},
								"west": {"uv": [0, 1.5], "uv_size": [0, 0.25]},
								"up": {"uv": [0, 1.5], "uv_size": [0.25, 0]},
								"down": {"uv": [0, 1.5], "uv_size": [0.25, 0]}
							}
						}
					]
				},
				{
					"name": "Right_Brow",
					"parent": "Brows",
					"pivot": [-2.5, 27, -4.3],
					"cubes": [
						{
							"origin": [-4, 27, -4.3],
							"size": [3, 2, 0],
							"uv": {
								"north": {"uv": [0, 0], "uv_size": [0.375, 0.5]},
								"east": {"uv": [0, 1.5], "uv_size": [0, 0.25]},
								"south": {"uv": [0.375, 0], "uv_size": [-0.375, 0.5]},
								"west": {"uv": [0, 1.5], "uv_size": [0, 0.25]},
								"up": {"uv": [0, 1.5], "uv_size": [0.25, 0]},
								"down": {"uv": [0, 1.5], "uv_size": [0.25, 0]}
							}
						}
					]
				},
				{
					"name": "mouth",
					"parent": "Face",
					"pivot": [0, 24, 0],
					"cubes": [
						{
							"origin": [-1, 24.5, -3.01],
							"size": [2, 1, 0],
							"uv": {
								"north": {"uv": [0.625, 1.5], "uv_size": [0.25, 0.25]},
								"east": {"uv": [0.75, 1.75], "uv_size": [0, 0.25]},
								"south": {"uv": [0.625, 1.5], "uv_size": [0.25, 0.25]},
								"west": {"uv": [0.75, 1.75], "uv_size": [0, 0.25]},
								"up": {"uv": [0.75, 1.75], "uv_size": [0.25, 0]},
								"down": {"uv": [0.75, 1.75], "uv_size": [0.25, 0]}
							}
						}
					]
				},
				{
					"name": "Eyes",
					"parent": "Face",
					"pivot": [0, 26.5, -4]
				},
				{
					"name": "Left_Eye",
					"parent": "Eyes",
					"pivot": [2, 26.5, -4.01],
					"cubes": [
						{
							"origin": [1, 26, -4.01],
							"size": [2, 2, 0],
							"uv": {
								"north": {"uv": [0.625, 0], "uv_size": [0.25, 0.5]},
								"east": {"uv": [0.625, 0], "uv_size": [0, 0.25]},
								"south": {"uv": [0.625, 0], "uv_size": [0.25, 0.25]},
								"west": {"uv": [0.625, 0], "uv_size": [0, 0.25]},
								"up": {"uv": [0.625, 0], "uv_size": [0.25, 0]},
								"down": {"uv": [0.625, 0], "uv_size": [0.25, 0]}
							}
						}
					]
				},
				{
					"name": "L_Iris",
					"parent": "Left_Eye",
					"pivot": [1.5, 26.5, -4.02],
					"cubes": [
						{
							"origin": [1, 26, -4.02],
							"size": [1, 2, 0],
							"uv": {
								"north": {"uv": [0.625, 0.5], "uv_size": [0.125, 0.5]},
								"east": {"uv": [0.625, 0], "uv_size": [0, 0.25]},
								"south": {"uv": [0.625, 0.5], "uv_size": [0.125, 0.5]},
								"west": {"uv": [0.625, 0], "uv_size": [0, 0.25]},
								"up": {"uv": [0.625, 0], "uv_size": [0.25, 0]},
								"down": {"uv": [0.625, 0], "uv_size": [0.25, 0]}
							}
						}
					]
				},
				{
					"name": "Right_Eye",
					"parent": "Eyes",
					"pivot": [-2, 26.5, -4.01],
					"cubes": [
						{
							"origin": [-3, 26, -4.01],
							"size": [2, 2, 0],
							"uv": {
								"north": {"uv": [0.625, 0], "uv_size": [0.25, 0.5]},
								"east": {"uv": [0.625, 0], "uv_size": [0, 0.25]},
								"south": {"uv": [0.625, 0], "uv_size": [0.25, 0.25]},
								"west": {"uv": [0.625, 0], "uv_size": [0, 0.25]},
								"up": {"uv": [0.625, 0], "uv_size": [0.25, 0]},
								"down": {"uv": [0.625, 0], "uv_size": [0.25, 0]}
							}
						}
					]
				},
				{
					"name": "R_Iris",
					"parent": "Right_Eye",
					"pivot": [-1.5, 26.5, -4.02],
					"cubes": [
						{
							"origin": [-2, 26, -4.02],
							"size": [1, 2, 0],
							"uv": {
								"north": {"uv": [0.625, 0.5], "uv_size": [0.125, 0.5]},
								"east": {"uv": [0.625, 0], "uv_size": [0, 0.25]},
								"south": {"uv": [0.625, 0.5], "uv_size": [0.125, 0.5]},
								"west": {"uv": [0.625, 0], "uv_size": [0, 0.25]},
								"up": {"uv": [0.625, 0], "uv_size": [0.25, 0]},
								"down": {"uv": [0.625, 0], "uv_size": [0.25, 0]}
							}
						}
					]
				},
				{
					"name": "Body",
					"parent": "NPC_1",
					"pivot": [0, 24, 0],
					"cubes": [
						{
							"origin": [-4, 15, -2],
							"size": [8, 9, 4],
							"uv": {
								"north": {"uv": [2.5, 5], "uv_size": [1, 2.25]},
								"east": {"uv": [2, 5], "uv_size": [0.5, 2.25]},
								"south": {"uv": [4, 5], "uv_size": [1, 2.25]},
								"west": {"uv": [3.5, 5], "uv_size": [0.5, 2.25]},
								"up": {"uv": [2.5, 4], "uv_size": [1, 1]},
								"down": {"uv": [3.5, 5], "uv_size": [1, -1]}
							}
						},
						{
							"origin": [-4, 15, -2],
							"size": [8, 9, 4],
							"inflate": 0.25,
							"uv": {
								"north": {"uv": [2.5, 9], "uv_size": [1, 2.25]},
								"east": {"uv": [2, 9], "uv_size": [0.5, 2.25]},
								"south": {"uv": [4, 9], "uv_size": [1, 2.25]},
								"west": {"uv": [3.5, 9], "uv_size": [0.5, 2.25]},
								"up": {"uv": [2.5, 8], "uv_size": [1, 1]},
								"down": {"uv": [3.5, 9], "uv_size": [1, -1]}
							}
						}
					]
				},
				{
					"name": "RightArm",
					"parent": "NPC_1",
					"pivot": [-5, 22, 0],
					"cubes": [
						{
							"origin": [-8, 17, -2],
							"size": [4, 7, 4],
							"uv": {
								"north": {"uv": [5.5, 5], "uv_size": [0.5, 1.75]},
								"east": {"uv": [5, 5], "uv_size": [0.5, 1.75]},
								"south": {"uv": [6.5, 5], "uv_size": [0.5, 1.75]},
								"west": {"uv": [6, 5], "uv_size": [0.5, 1.75]},
								"up": {"uv": [5.5, 4], "uv_size": [0.5, 1]},
								"down": {"uv": [5, 5], "uv_size": [0.5, -1]}
							}
						},
						{
							"origin": [-8, 17, -2],
							"size": [4, 7, 4],
							"inflate": 0.25,
							"uv": {
								"north": {"uv": [5.5, 9], "uv_size": [0.5, 1.75]},
								"east": {"uv": [5, 9], "uv_size": [0.5, 1.75]},
								"south": {"uv": [6.5, 9], "uv_size": [0.5, 1.75]},
								"west": {"uv": [6, 9], "uv_size": [0.5, 1.75]},
								"up": {"uv": [5.5, 8], "uv_size": [0.5, 1]},
								"down": {"uv": [6, 9], "uv_size": [0.5, -1]}
							}
						}
					]
				},
				{
					"name": "RightArm2",
					"parent": "RightArm",
					"pivot": [-6, 18, 0],
					"cubes": [
						{
							"origin": [-8, 12, -2],
							"size": [4, 7, 4],
							"inflate": -0.01,
							"uv": {
								"north": {"uv": [5.5, 6.25], "uv_size": [0.5, 1.75]},
								"east": {"uv": [5, 6.25], "uv_size": [0.5, 1.75]},
								"south": {"uv": [6.5, 6.25], "uv_size": [0.5, 1.75]},
								"west": {"uv": [6, 6.25], "uv_size": [0.5, 1.75]},
								"up": {"uv": [5, 4], "uv_size": [0.5, 1]},
								"down": {"uv": [6, 5], "uv_size": [0.5, -1]}
							}
						},
						{
							"origin": [-8, 12, -2],
							"size": [4, 7, 4],
							"inflate": 0.24,
							"uv": {
								"north": {"uv": [5.5, 10.25], "uv_size": [0.5, 1.75]},
								"east": {"uv": [5, 10.25], "uv_size": [0.5, 1.75]},
								"south": {"uv": [6.5, 10.25], "uv_size": [0.5, 1.75]},
								"west": {"uv": [6, 10.25], "uv_size": [0.5, 1.75]},
								"up": {"uv": [5.5, 9.25], "uv_size": [0.5, 1]},
								"down": {"uv": [6, 10.25], "uv_size": [0.5, -1]}
							}
						}
					]
				},
				{
					"name": "LeftArm",
					"parent": "NPC_1",
					"pivot": [5, 22, 0],
					"cubes": [
						{
							"origin": [4, 17, -2],
							"size": [4, 7, 4],
							"uv": {
								"north": {"uv": [4.5, 13], "uv_size": [0.5, 1.75]},
								"east": {"uv": [4, 13], "uv_size": [0.5, 1.75]},
								"south": {"uv": [5.5, 13], "uv_size": [0.5, 1.75]},
								"west": {"uv": [5, 13], "uv_size": [0.5, 1.75]},
								"up": {"uv": [4.5, 12], "uv_size": [0.5, 1]},
								"down": {"uv": [4, 13], "uv_size": [0.5, -1]}
							}
						},
						{
							"origin": [4, 17, -2],
							"size": [4, 7, 4],
							"inflate": 0.25,
							"uv": {
								"north": {"uv": [6.5, 13], "uv_size": [0.5, 1.75]},
								"east": {"uv": [6, 13], "uv_size": [0.5, 1.75]},
								"south": {"uv": [7.5, 13], "uv_size": [0.5, 1.75]},
								"west": {"uv": [7, 13], "uv_size": [0.5, 1.75]},
								"up": {"uv": [6.5, 12], "uv_size": [0.5, 1]},
								"down": {"uv": [7, 13], "uv_size": [0.5, -1]}
							}
						}
					]
				},
				{
					"name": "LeftArm2",
					"parent": "LeftArm",
					"pivot": [6, 18, 0],
					"cubes": [
						{
							"origin": [4, 12, -2],
							"size": [4, 7, 4],
							"inflate": -0.01,
							"uv": {
								"north": {"uv": [4.5, 14.25], "uv_size": [0.5, 1.75]},
								"east": {"uv": [4, 14.25], "uv_size": [0.5, 1.75]},
								"south": {"uv": [5.5, 14.25], "uv_size": [0.5, 1.75]},
								"west": {"uv": [5, 14.25], "uv_size": [0.5, 1.75]},
								"up": {"uv": [4, 12], "uv_size": [0.5, 1]},
								"down": {"uv": [5, 13], "uv_size": [0.5, -1]}
							}
						},
						{
							"origin": [4, 12, -2],
							"size": [4, 7, 4],
							"inflate": 0.24,
							"uv": {
								"north": {"uv": [6.5, 14.25], "uv_size": [0.5, 1.75]},
								"east": {"uv": [6, 14.25], "uv_size": [0.5, 1.75]},
								"south": {"uv": [7.5, 14.25], "uv_size": [0.5, 1.75]},
								"west": {"uv": [7, 14.25], "uv_size": [0.5, 1.75]},
								"up": {"uv": [6.5, 13.25], "uv_size": [0.5, 1]},
								"down": {"uv": [7, 14.25], "uv_size": [0.5, -1]}
							}
						}
					]
				},
				{
					"name": "NPC_2",
					"parent": "NPC",
					"pivot": [0, 0, 0]
				},
				{
					"name": "Body2",
					"parent": "NPC_2",
					"pivot": [0, 16, 0],
					"cubes": [
						{
							"origin": [-4, 12, -2],
							"size": [8, 5, 4],
							"inflate": -0.01,
							"uv": {
								"north": {"uv": [2.5, 6.75], "uv_size": [1, 1.25]},
								"east": {"uv": [2, 6.75], "uv_size": [0.5, 1.25]},
								"south": {"uv": [4, 6.75], "uv_size": [1, 1.25]},
								"west": {"uv": [3.5, 6.75], "uv_size": [0.5, 1.25]},
								"up": {"uv": [3.5, 4], "uv_size": [1, 1]},
								"down": {"uv": [3.5, 5], "uv_size": [1, -1]}
							}
						},
						{
							"origin": [-4, 12, -2],
							"size": [8, 5, 4],
							"inflate": 0.24,
							"uv": {
								"north": {"uv": [2.5, 10.75], "uv_size": [1, 1.25]},
								"east": {"uv": [2, 10.75], "uv_size": [0.5, 1.25]},
								"south": {"uv": [4, 10.75], "uv_size": [1, 1.25]},
								"west": {"uv": [3.5, 10.75], "uv_size": [0.5, 1.25]},
								"up": {"uv": [3.5, 8], "uv_size": [1, 1]},
								"down": {"uv": [3.5, 9], "uv_size": [1, -1]}
							}
						}
					]
				},
				{
					"name": "RightLeg",
					"parent": "NPC_2",
					"pivot": [-1.9, 12, 0],
					"cubes": [
						{
							"origin": [-3.9, 5, -2],
							"size": [4, 7, 4],
							"uv": {
								"north": {"uv": [0.5, 5], "uv_size": [0.5, 1.75]},
								"east": {"uv": [0, 5], "uv_size": [0.5, 1.75]},
								"south": {"uv": [1.5, 5], "uv_size": [0.5, 1.75]},
								"west": {"uv": [1, 5], "uv_size": [0.5, 1.75]},
								"up": {"uv": [0.5, 4], "uv_size": [0.5, 1]},
								"down": {"uv": [0, 5], "uv_size": [0.5, -1]}
							}
						},
						{
							"origin": [-3.9, 5, -2],
							"size": [4, 7, 4],
							"inflate": 0.25,
							"uv": {
								"north": {"uv": [0.5, 9], "uv_size": [0.5, 1.75]},
								"east": {"uv": [0, 9], "uv_size": [0.5, 1.75]},
								"south": {"uv": [1.5, 9], "uv_size": [0.5, 1.75]},
								"west": {"uv": [1, 9], "uv_size": [0.5, 1.75]},
								"up": {"uv": [0.5, 8], "uv_size": [0.5, 1]},
								"down": {"uv": [1, 9], "uv_size": [0.5, -1]}
							}
						}
					]
				},
				{
					"name": "RightLeg2",
					"parent": "RightLeg",
					"pivot": [-1.9, 6, 0],
					"cubes": [
						{
							"origin": [-3.9, 0, -2],
							"size": [4, 7, 4],
							"inflate": -0.01,
							"uv": {
								"north": {"uv": [0.5, 6.25], "uv_size": [0.5, 1.75]},
								"east": {"uv": [0, 6.25], "uv_size": [0.5, 1.75]},
								"south": {"uv": [1.5, 6.25], "uv_size": [0.5, 1.75]},
								"west": {"uv": [1, 6.25], "uv_size": [0.5, 1.75]},
								"up": {"uv": [0, 4], "uv_size": [0.5, 1]},
								"down": {"uv": [1, 5], "uv_size": [0.5, -1]}
							}
						},
						{
							"origin": [-3.9, 0, -2],
							"size": [4, 7, 4],
							"inflate": 0.24,
							"uv": {
								"north": {"uv": [0.5, 10.25], "uv_size": [0.5, 1.75]},
								"east": {"uv": [0, 10.25], "uv_size": [0.5, 1.75]},
								"south": {"uv": [1.5, 10.25], "uv_size": [0.5, 1.75]},
								"west": {"uv": [1, 10.25], "uv_size": [0.5, 1.75]},
								"up": {"uv": [1.5, 8], "uv_size": [0.5, 1]},
								"down": {"uv": [0, 9], "uv_size": [0.5, -1]}
							}
						}
					]
				},
				{
					"name": "LeftLeg",
					"parent": "NPC_2",
					"pivot": [1.9, 12, 0],
					"cubes": [
						{
							"origin": [-0.1, 5, -2],
							"size": [4, 7, 4],
							"uv": {
								"north": {"uv": [2.5, 13], "uv_size": [0.5, 1.75]},
								"east": {"uv": [2, 13], "uv_size": [0.5, 1.75]},
								"south": {"uv": [3.5, 13], "uv_size": [0.5, 1.75]},
								"west": {"uv": [3, 13], "uv_size": [0.5, 1.75]},
								"up": {"uv": [2.5, 12], "uv_size": [0.5, 1]},
								"down": {"uv": [2, 13], "uv_size": [0.5, -1]}
							}
						},
						{
							"origin": [-0.1, 5, -2],
							"size": [4, 7, 4],
							"inflate": 0.25,
							"uv": {
								"north": {"uv": [0.5, 13], "uv_size": [0.5, 1.75]},
								"east": {"uv": [0, 13], "uv_size": [0.5, 1.75]},
								"south": {"uv": [1.5, 13], "uv_size": [0.5, 1.75]},
								"west": {"uv": [1, 13], "uv_size": [0.5, 1.75]},
								"up": {"uv": [0.5, 12], "uv_size": [0.5, 1]},
								"down": {"uv": [1, 13], "uv_size": [0.5, -1]}
							}
						}
					]
				},
				{
					"name": "LeftLeg2",
					"parent": "LeftLeg",
					"pivot": [1.9, 6, 0],
					"cubes": [
						{
							"origin": [-0.1, 0, -2],
							"size": [4, 7, 4],
							"inflate": -0.01,
							"uv": {
								"north": {"uv": [2.5, 14.25], "uv_size": [0.5, 1.75]},
								"east": {"uv": [2, 14.25], "uv_size": [0.5, 1.75]},
								"south": {"uv": [3.5, 14.25], "uv_size": [0.5, 1.75]},
								"west": {"uv": [3, 14.25], "uv_size": [0.5, 1.75]},
								"up": {"uv": [2, 12], "uv_size": [0.5, 1]},
								"down": {"uv": [3, 13], "uv_size": [0.5, -1]}
							}
						},
						{
							"origin": [-0.1, 0, -2],
							"size": [4, 7, 4],
							"inflate": 0.24,
							"uv": {
								"north": {"uv": [0.5, 14.25], "uv_size": [0.5, 1.75]},
								"east": {"uv": [0, 14.25], "uv_size": [0.5, 1.75]},
								"south": {"uv": [1.5, 14.25], "uv_size": [0.5, 1.75]},
								"west": {"uv": [1, 14.25], "uv_size": [0.5, 1.75]},
								"up": {"uv": [0, 12], "uv_size": [0.5, 1]},
								"down": {"uv": [1.5, 13], "uv_size": [0.5, -1]}
							}
						}
					]
				}
			]
		}
	]
}